keyword,type,stock_id
台積電,company,2330
TSMC,company,2330
Taiwan Semiconductor,company,2330
台積電股價,company,2330
台積電除息,company,2330
聯發科,company,2454
MediaTek,company,2454
鴻海,company,2317
Foxconn,company,2317
全友,company,2305
全友股價,company,2305
妖股全友,company,2305
2305全友,company,2305
智原,company,3035
創意,company,3443
世芯,company,3661
晶心科,company,6533
台達電,company,2308
廣達,company,2382
緯創,company,3231
緯穎,company,6669
奇鋐,company,3017
雙鴻,company,3324
和碩,company,4938
仁寶,company,2324
南亞科,company,2408
華邦電,company,2344
智邦,company,2345
富邦金,company,2881
國泰金,company,2882
中信金,company,2891
元大台灣50,company,0050
元大高股息,company,0056
國泰永續高股息,company,00878
群益台灣精選高息,company,00919
輝達,company,NVDA
NVIDIA,company,NVDA
Tesla,company,TSLA
特斯拉,company,TSLA
Coinbase,company,COIN
Strategy,company,MSTR
聯電,company,2303
日月光投控,company,3711
京元電子,company,2449
瑞昱,company,2379
技嘉,company,2376
華碩,company,2357
國巨,company,2327
玉山金,company,2884
兆豐金,company,2886
元大金,company,2885
永豐金,company,2890
上海商銀,company,5876
合庫金,company,5880
長榮,company,2603
長榮航,company,2618
中鋼,company,2002
台塑化,company,6505
台塑,company,1301
半導體,industry,2330
半導體,industry,2454
半導體,industry,3035
半導體,industry,3443
半導體,industry,3661
半導體,industry,6533
半導體,industry,2308
半導體,industry,2303
半導體,industry,3711
半導體,industry,2449
半導體,industry,2379
AI伺服器,industry,2382
AI伺服器,industry,3231
AI伺服器,industry,6669
AI伺服器,industry,3017
AI伺服器,industry,3324
AI伺服器,industry,2308
AI伺服器,industry,2317
電子代工,industry,2317
電子代工,industry,4938
電子代工,industry,2324
電子代工,industry,2382
電子代工,industry,3231
記憶體,industry,2408
記憶體,industry,2344
網通,industry,2345
網通,industry,2379
金融,industry,2881
金融,industry,2882
金融,industry,2891
金融,industry,2884
金融,industry,2886
金融,industry,2885
金融,industry,2890
金融,industry,5876
金融,industry,5880
航運,industry,2603
航運,industry,2618
能源,industry,6505
能源,industry,1301
能源,industry,2002
ETF,theme,0050
ETF,theme,0056
ETF,theme,00878
ETF,theme,00919
AI,theme,2330
AI,theme,2382
AI,theme,3231
AI,theme,6669
AI,theme,NVDA
AI,theme,2454
AI,theme,2308
AI,theme,3017
AI,theme,3324
AI,theme,2317
AI,theme,3035
CoWoS,theme,2330
CoWoS,theme,3443
CoWoS,theme,3661
CoWoS,theme,3711
CoWoS,theme,2449
ASIC,theme,2330
ASIC,theme,2454
ASIC,theme,3035
ASIC,theme,3443
ASIC,theme,3661
ASIC,theme,6533
伺服器,theme,2382
伺服器,theme,3231
伺服器,theme,6669
伺服器,theme,3017
伺服器,theme,3324
伺服器,theme,2317
機器人,theme,2308
機器人,theme,2357
機器人,theme,2376
機器人,theme,2317
機器人,theme,3231
降息,theme,2881
降息,theme,2882
降息,theme,2891
降息,theme,2884
降息,theme,2886
比特幣,theme,TSLA
比特幣,theme,COIN
比特幣,theme,MSTR
關稅,theme,2317
關稅,theme,4938
關稅,theme,2324
關稅,theme,2382
關稅,theme,2002
聯準會,theme,2881
聯準會,theme,2882
聯準會,theme,2891
聯準會,theme,0050
美債,theme,2881
美債,theme,2882
美債,theme,2891
美債,theme,0050
美債,theme,0056
美債,theme,00878
DRAM,theme,2408
DRAM,theme,2344
台新金,company,2887
台新金股價,company,2887
台燿,company,6274
凱基金,company,2883
合作金庫,company,5880
萬海,company,2615
萬海股價,company,2615
康霈,company,6919
四維航,company,5608
