ID,KEYWORD,APPROX_TRAFFIC,PUBLISHED_AT,FETCHED_AT
1,6147,100+,2026-09-08 18:30:00.000,2026-09-08 18:43:52.950
101,00919除息日,500+,2026-09-08 18:30:00.000,2026-09-08 18:43:55.546
2,3055,200+,2026-09-08 18:30:00.000,2026-09-08 18:43:59.544
102,友達,500+,2026-09-08 18:20:00.000,2026-09-08 18:44:01.411
3,友達股價,2000+,2026-09-08 18:20:00.000,2026-09-08 18:44:03.082
4,富喬,1000+,2026-09-08 18:20:00.000,2026-09-08 18:44:04.366
201,力成,100+,2026-09-08 18:20:00.000,2026-09-08 18:44:04.789
202,神達股價,100+,2026-09-08 18:20:00.000,2026-09-08 18:44:06.226
5,至上,100+,2026-09-08 18:10:00.000,2026-09-08 18:44:07.617
6,東捷,100+,2026-09-08 18:10:00.000,2026-09-08 18:44:08.817
203,6225,200+,2026-09-08 18:40:00.000,2026-09-08 18:53:51.553
7,00919除息日,500+,2026-09-08 18:30:00.000,2026-09-08 18:53:54.104
8,6147,100+,2026-09-08 18:30:00.000,2026-09-08 18:53:55.518
103,3055,200+,2026-09-08 18:30:00.000,2026-09-08 18:53:55.913
204,友達,500+,2026-09-08 18:20:00.000,2026-09-08 18:53:57.267
9,友達股價,2000+,2026-09-08 18:20:00.000,2026-09-08 18:53:58.594
10,富喬,200+,2026-09-08 18:20:00.000,2026-09-08 18:53:59.828
205,神達股價,100+,2026-09-08 18:20:00.000,2026-09-08 18:54:00.252
104,力成,100+,2026-09-08 18:20:00.000,2026-09-08 18:54:01.914
105,至上,100+,2026-09-08 18:10:00.000,2026-09-08 18:54:03.458
106,3706,100+,2026-09-08 18:50:00.000,2026-09-08 19:03:51.243
11,6225,200+,2026-09-08 18:40:00.000,2026-09-08 19:03:52.419
12,00919除息日,500+,2026-09-08 18:30:00.000,2026-09-08 19:03:53.977
107,6147,100+,2026-09-08 18:30:00.000,2026-09-08 19:03:55.324
108,3055,200+,2026-09-08 18:30:00.000,2026-09-08 19:03:55.734
109,友達股價,2000+,2026-09-08 18:20:00.000,2026-09-08 19:03:57.129
13,友達,1000+,2026-09-08 18:20:00.000,2026-09-08 19:03:58.630
14,富喬,200+,2026-09-08 18:20:00.000,2026-09-08 19:04:00.307
110,神達股價,100+,2026-09-08 18:20:00.000,2026-09-08 19:04:00.727
15,力成,100+,2026-09-08 18:20:00.000,2026-09-08 19:04:02.248
16,金融股,200+,2026-09-08 19:00:00.000,2026-09-08 19:13:51.379
17,3706,100+,2026-09-08 18:50:00.000,2026-09-08 19:13:53.778
111,6225,200+,2026-09-08 18:40:00.000,2026-09-08 19:13:55.053
18,2409,2000+,2026-09-08 18:30:00.000,2026-09-08 19:13:57.345
19,00919除息日,1000+,2026-09-08 18:30:00.000,2026-09-08 19:13:58.730
20,6147,100+,2026-09-08 18:30:00.000,2026-09-08 19:14:00.049
112,3055,200+,2026-09-08 18:30:00.000,2026-09-08 19:14:00.451
113,友達,1000+,2026-09-08 18:20:00.000,2026-09-08 19:14:02.173
21,富喬,200+,2026-09-08 18:20:00.000,2026-09-08 19:14:03.573
114,力成,100+,2026-09-08 18:20:00.000,2026-09-08 19:14:04.372
22,新纖股價,100+,2026-09-08 19:00:00.000,2026-09-08 19:23:51.443
115,金融股,200+,2026-09-08 19:00:00.000,2026-09-08 19:23:53.616
116,6225,200+,2026-09-08 18:40:00.000,2026-09-08 19:23:54.887
117,友達股票,2000+,2026-09-08 18:30:00.000,2026-09-08 19:23:56.169
23,00919除息日,1000+,2026-09-08 18:30:00.000,2026-09-08 19:23:57.522
118,6147,100+,2026-09-08 18:30:00.000,2026-09-08 19:23:58.740
119,3055,200+,2026-09-08 18:30:00.000,2026-09-08 19:23:59.095
24,友達,1000+,2026-09-08 18:20:00.000,2026-09-08 19:24:00.691
25,神達股價,200+,2026-09-08 18:20:00.000,2026-09-08 19:24:02.215
120,富喬,200+,2026-09-08 18:20:00.000,2026-09-08 19:24:03.451
26,新纖股價,100+,2026-09-08 19:00:00.000,2026-09-08 19:33:51.527
121,金融股,100+,2026-09-08 19:00:00.000,2026-09-08 19:33:53.467
122,3706,200+,2026-09-08 18:50:00.000,2026-09-08 19:33:55.139
27,6225,200+,2026-09-08 18:40:00.000,2026-09-08 19:33:56.671
123,友達股票,2000+,2026-09-08 18:30:00.000,2026-09-08 19:33:58.062
124,00919除息日,1000+,2026-09-08 18:30:00.000,2026-09-08 19:33:59.732
125,6147,100+,2026-09-08 18:30:00.000,2026-09-08 19:34:01.143
28,3055,200+,2026-09-08 18:30:00.000,2026-09-08 19:34:01.705
126,友達,1000+,2026-09-08 18:20:00.000,2026-09-08 19:34:03.133
127,富喬,200+,2026-09-08 18:20:00.000,2026-09-08 19:34:04.515
128,威爾·史密斯,100+,2026-09-08 19:30:00.000,2026-09-08 19:43:51.430
29,新纖股價,100+,2026-09-08 19:00:00.000,2026-09-08 19:43:54.084
30,金融股,100+,2026-09-08 19:00:00.000,2026-09-08 19:43:56.639
129,6225,200+,2026-09-08 18:40:00.000,2026-09-08 19:43:58.382
31,友達股票,2000+,2026-09-08 18:30:00.000,2026-09-08 19:43:59.688
130,00919除息日,200+,2026-09-08 18:30:00.000,2026-09-08 19:44:01.057
131,6147,100+,2026-09-08 18:30:00.000,2026-09-08 19:44:02.450
32,友達,1000+,2026-09-08 18:20:00.000,2026-09-08 19:44:02.868
33,富喬,200+,2026-09-08 18:20:00.000,2026-09-08 19:44:04.230
132,力成,100+,2026-09-08 18:20:00.000,2026-09-08 19:44:04.734
34,威爾·史密斯,200+,2026-09-08 19:30:00.000,2026-09-08 19:53:51.611
35,新纖股價,100+,2026-09-08 19:00:00.000,2026-09-08 19:53:53.990
133,金融股,100+,2026-09-08 19:00:00.000,2026-09-08 19:53:55.392
36,line記事本,100+,2026-09-08 18:40:00.000,2026-09-08 19:53:56.748
134,6225,200+,2026-09-08 18:40:00.000,2026-09-08 19:53:57.207
37,友達股票,1000+,2026-09-08 18:30:00.000,2026-09-08 19:53:58.566
135,00919除息日,200+,2026-09-08 18:30:00.000,2026-09-08 19:53:59.827
136,6147,100+,2026-09-08 18:30:00.000,2026-09-08 19:54:01.474
137,友達,1000+,2026-09-08 18:20:00.000,2026-09-08 19:54:02.069
138,富喬,200+,2026-09-08 18:20:00.000,2026-09-08 19:54:03.565
38,道奇 對 紅人,500+,2026-09-08 19:50:00.000,2026-09-08 20:03:51.724
39,威爾·史密斯,200+,2026-09-08 19:30:00.000,2026-09-08 20:03:53.982
139,新纖股價,100+,2026-09-08 19:00:00.000,2026-09-08 20:03:55.426
40,金融股,100+,2026-09-08 19:00:00.000,2026-09-08 20:03:56.695
140,6225,200+,2026-09-08 18:40:00.000,2026-09-08 20:03:58.027
41,line記事本,100+,2026-09-08 18:40:00.000,2026-09-08 20:03:59.311
42,友達股票,1000+,2026-09-08 18:30:00.000,2026-09-08 20:03:59.730
43,00919除息日,200+,2026-09-08 18:30:00.000,2026-09-08 20:04:01.459
141,6147,100+,2026-09-08 18:30:00.000,2026-09-08 20:04:03.405
142,友達,1000+,2026-09-08 18:20:00.000,2026-09-08 20:04:03.781
44,國旅,1000+,2026-09-08 20:00:00.000,2026-09-08 20:13:51.614
143,道奇 對 紅人,1000+,2026-09-08 19:50:00.000,2026-09-08 20:13:54.050
45,威爾·史密斯,200+,2026-09-08 19:30:00.000,2026-09-08 20:13:56.443
46,新纖股價,100+,2026-09-08 19:00:00.000,2026-09-08 20:13:57.843
47,金融股,100+,2026-09-08 19:00:00.000,2026-09-08 20:13:59.163
144,line記事本,100+,2026-09-08 18:40:00.000,2026-09-08 20:14:00.452
145,6225,200+,2026-09-08 18:40:00.000,2026-09-08 20:14:00.964
146,友達股票,1000+,2026-09-08 18:30:00.000,2026-09-08 20:14:02.471
147,00919除息日,200+,2026-09-08 18:30:00.000,2026-09-08 20:14:03.751
48,6147,100+,2026-09-08 18:30:00.000,2026-09-08 20:14:05.141
